product_name;brand
AZAR Лавашики Зеленый лук 100г;AZAR Лавашики
AZAR Лавашики Колбаски с чесноком 100г;AZAR Лавашики
Bruto Black Тайский острый Том Ям 75г;Bruto Black
Bruto Black Черный перец 75г;Bruto Black
BRUTO Gourmet Line Зеленый перец 80г;Bruto Gourmet Line
BRUTO Gourmet Line Копчёная соль 80г;Bruto Gourmet Line
BRUTO Gourmet Line Оливки и орегано 80г;Bruto Gourmet Line
BRUTO Gourmet Line Сливочное масло и укроп 80г;Bruto Gourmet Line
Bruto КРАФТ Морская соль 120г;BRUTO КРАФТ
Bruto КРАФТ Морская соль и перец 120г;BRUTO КРАФТ
Bruto КРАФТ Чеснок и травы 120г;BRUTO КРАФТ
CHEESL'S пш. Двойной сыр 100г;CHEESL'S
CHEESL'S пш. Двойной сыр 50г;CHEESL'S
CHEESL'S пш. Сметана и лук 100г;CHEESL'S
CHEESL'S пш. Сметана и лук 50г;CHEESL'S
CHEETOS Кетчуп 50г;CHEETOS
CHEETOS Кетчуп 85г;CHEETOS
CHEETOS Кола 45г;CHEETOS
CHEETOS кук. Ветчина и сыр 50г;CHEETOS
CHEETOS кук. Краб 85г;CHEETOS
CHEETOS кук. Сыр  85г;CHEETOS
CHEETOS кук. Сыр 50г;CHEETOS
Crunchips X-Cut риф. Африканская чакалака 70г;Crunchips X-Cut
Crunchips X-Cut риф. Паприка 70г;Crunchips X-Cut
Crunchips X-Cut риф. Сметана и специи 70г;Crunchips X-Cut
Crunchips X-Cut риф. Сыр и лук 70г;Crunchips X-Cut
Delicados кук. Барбекю 500г;Delicados
Delicados кук. Оригинальные 150г;Delicados
Delicados кук. Оригинальные 500г;Delicados
Delicados кук. Пикантная сальса-чили 150г;Delicados
Delicados кук. С кусочками оливок и лобстером 150г;Delicados
Delicados кук. С кусочками оливок и паприкой 150г;Delicados
Delicados кук. Соус ранч 150г;Delicados
Delicados кук. Сыр 150г;Delicados
Golden Life Камамбер с розмарином 90г;Golden Life
Golden Life Лобстер 90г;Golden Life
Golden Life Сметана с перцем 90г;Golden Life
Happy Crisp Альпийский сыр 50г;Happy Crisp
HOLYCORN Сметана и зелень 50г;HOLYCORN
HOLYCORN Сыр 50г;HOLYCORN
Lays STAX Ароматные ребрышки барбекю 140г;Lays STAX
Lays STAX Нежная сметана и лук 140г;Lays STAX
Lays STAX Пикантная паприка 140г;Lays STAX
Lays Ароматные драники 125г;Lays
Lays Бекон 70г;Lays
Lays Горчица 140г;Lays
Lays Гуакамоле по-мексикански 125г;Lays
Lays Дижонская горчица 125г;Lays
Lays Краб 140г;Lays
Lays Краб 225г;Lays
Lays Краб 37г;Lays
Lays Краб 70г;Lays
Lays Малосольные огурчики с укропом 140г;Lays
Lays МАХХ Грибы в сливочном соусе 110г;Lays МАХХ
Lays МАХХ Куриные крылышки барбекю 110г;Lays МАХХ
Lays МАХХ Пицца 4 сыра 110г;Lays МАХХ
Lays Молодой зеленый лук 140г;Lays
Lays Молодой зеленый лук 37г;Lays
Lays Молодой зеленый лук 70г;Lays
Lays Нежная моцарелла с песто 70г;Lays
Lays Оригинальные 140г;Lays
Lays Оригинальные 70г;Lays
Lays Ребрышки гриль 140г;Lays
Lays риф. Лобстер 140г;Lays
Lays риф. Лобстер 70г;Lays
Lays риф. Лосось в слив. соусе 140г;Lays
Lays риф. Паприка 140г;Lays
Lays риф. Паприка 225г;Lays
Lays риф. Паприка 70г;Lays
Lays риф. Паприка 81г;Lays
Lays риф. Пряная креветка 90г;Lays
Lays риф. Том Ям по тайски 125г;Lays
Lays Сметана и зелень 140г;Lays
Lays Сметана и зелень 225г;Lays
Lays Сметана и зелень 37г;Lays
Lays Сметана и зелень 70г;Lays
Lays Сметана и лук 140г;Lays
Lays Сметана и лук 225г;Lays
Lays Сметана и лук 70г;Lays
Lays Соль 225г;Lays
Lays Сыр 140г;Lays
Lays Сыр 70г;Lays
Lays Сырное ассорти с медом 90г;Lays
Lays Шашлык 140г;Lays
Lays Шашлык 70г;Lays
MEGA CHIPS Бекон 100г;MEGA CHIPS
MEGA CHIPS Грибы со сметаной 100г;MEGA CHIPS
MEGA CHIPS Норвежский лобстер 100г;MEGA CHIPS
MEGA CHIPS Сметана и лук 100г;MEGA CHIPS
MEGA CHIPS Сметана и сыр 100г;MEGA CHIPS
MISSION кук. Камчатский краб 90г;Mission
MISSION кук. Лисички со сметаной 150г;Mission
MISSION кук. Сыр чеддер 150г;Mission
MISSION кук. Томат 150г;Mission
MISSION кук.Сметана и лук 90г;Mission
Mister Potato Барбекю 160г;Mister Potato
Mister Potato Барбекю 40г;Mister Potato
Mister Potato Оригинальные 160г;Mister Potato
Mister Potato Оригинальные 40г;Mister Potato
Mister Potato Острый прянный вкус 160г;Mister Potato
Mister Potato Острый прянный вкус 40г;Mister Potato
Mister Potato Сметана и лук 160г;Mister Potato
Mister Potato Сметана и лук 40г;Mister Potato
NATURALS Белые грибы 100г;Naturals
NATURALS Морская соль и перец 100г;Naturals
NATURALS Паприка 100г;Naturals
NATURALS Пармезан 100г;Naturals
NATURALS Пето 100г;Naturals
NATURALS Розмарин 100г;Naturals
NATURALS Соль 100г;Naturals
NATURALS Чеснок и зелень 100г;Naturals
PATTES Йогурт и травы 100г;PATTES
PATTES Кетчуп 100г;PATTES
PATTES Оригинальные 100г;PATTES
PATTES Уксус и лайм 100г;PATTES
PATTES Чили 100г;PATTES
Pomsticks Морская соль и перец 100г;Pomsticks
Pomsticks Паприка 100г;Pomsticks
Pomsticks Сметана и зелень 100г;Pomsticks
Pomsticks Соль 100г;Pomsticks
Pomsticks Сыр и лук 100г;Pomsticks
PRINGLES Оригинальные 165г;Pringles
PRINGLES Паприка 165г;Pringles
PRINGLES Паприка 185г;Pringles
PRINGLES Сметана и лук 165г;Pringles
PRINGLES Соль и уксус 165г;Pringles
PRINGLES Сыр и лук 165г;Pringles
San Carlo Классика 180 г;San Carlo
San Carlo Лайм и розовый перец 150 г;San Carlo
San Carlo Лайм и розовый перец 50 г;San Carlo
San Carlo Мята и перец 150 г;San Carlo
Бульба Боровик 75г;Бульба
Бульба Деревеские копченности 75г;Бульба
Бульба Оригинальные 75г;Бульба
Бульба Сметана и лук 75г;Бульба
Бульба Сметана и сыр 75г;Бульба
Краш Лаваш Паприка 80г;Краш Лаваш
Краш Лаваш Сметана и лук 80г;Краш Лаваш
Краш Лаваш Сметана и укроп 80г;Краш Лаваш
Лейз из печи Лисички в сметане 85г;Лайк овал
Лейз из печи Нежный сыр и зелень 85г;Лайк овал
Лейз из печи Сметана и зелень 85г;Лайк овал
Лейз из печи Томат и базилик 81г;Лайк овал
Лейз из печи Хамон 81г;Лайк овал
Московский картофель Йодированныя соль 120г;Московский картофель
Московский картофель риф Сыр пармезан 120г;Московский картофель
Московский картофель риф. Антлантический лосось в слив. соусе 120г;Московский картофель
Московский картофель риф. Белые гибы в слив. соусе 120г;Московский картофель
Московский картофель риф. Маринованные огурцы 120г;Московский картофель
Московский картофель риф. Паприка 120г;Московский картофель
Московский картофель риф. Томатный кетчуп 120г;Московский картофель
Московский картофель Сметана и лук 120г;Московский картофель
Московский картофель Соус сладкий чили 120г;Московский картофель
О'кей Краб 140г;О'кей
О'кей Мясо на углях 140г;О'кей
О'кей Паприка 140г;О'кей
О'кей пласт. Барбекю 100г;О'кей
О'кей пласт. Грибы со сметаной 100г;О'кей
О'кей пласт. Сметана и лук 100г;О'кей
О'кей пласт. Сыр и сметана 100г;О'кей
О'кей пласт. Томат с зеленью 100г;О'кей
О'кей пласт. Холодец с хреном 100г;О'кей
О'кей пласт. Чили 100г;О'кей
О'кей Сметана и лук 140г;О'кей
О'кей Соль 140г;О'кей
О'кей Сыр 140г;О'кей
Пакет картошки Нори 100г;Пакет картошки
Пакет картошки Соль 100г;Пакет картошки
Пакет картошки Томат 100г;Пакет картошки
Пакет картошки Уксус 100г;Пакет картошки
Русская картошка Жареная курица 190г;Русская картошка
Русская картошка Камчатскиий краб 190г;Русская картошка
Русская картошка Креветки 75г;Русская картошка
Русская картошка Креветки теемпура с васаби 105г;Русская картошка
Русская картошка Куриные крылышки 105г;Русская картошка
Русская Картошка Сладкий чили 105г;Русская картошка
Русская картошка Сливочный сыр 75г;Русская картошка
Русская картошка Сметана и лук 190г;Русская картошка
Русская картошка Сыр начо 105г;Русская картошка
Русская картошка Фермерская сметана и укроп 75г;Русская картошка
СЫРBALL кук. Кетчуп 140г;СырBall
СЫРBALL кук. Краб 140г;СырBall
Хрустящий картофель Сыр 70г;Хрустящий картофель
BIG BON SN.B.Чип.кар.вк.Сыр с хр.бек.70г;Big Bon
BIG BON SN.B.Чипсы карт.вк.Коп.папр.70г;Big Bon
S.CAR.Чипсы картоф.лайм/роз.пер.150г;San Carlo
S.CAR.Чипсы картоф.паприка 150г;San Carlo
S.CAR.Чипсы картоф.томат 150г;San Carlo
S.CAR.Чипсы КЛАССИКА картоф.180г;San Carlo
SAVOUR.Чип.карт.сыр.чеддр/лук-шалот 150г;Savoursmiths
BON GIOR.Чипсы карт.вк.Кр.Бел.Вин.80г;Bon Giorno
BON GIOR.Чипсы карт.вк.Лис.По-Мил.80г;Bon Giorno
BON GIOR.Чипсы карт.вк.Хам.Де Тер.80г;Bon Giorno
Картоф.хруст.в ломт.с солью160г;Хрустящий картофель
ХРУСТ.КАРТ.Чипсы карт.нат.вк.смет/лук70г;Хрустящий картофель
ХРУСТЯЩИЙ КАРТОФЕЛЬ Чипсы с солью 70г;Хрустящий картофель
ГАН/ЛЕБ.Чипсы картофельные с солью 100г;Пакет картошки
ГАН/ЛЕБ.Чипсы картофельные с томат.100г;Пакет картошки
LORENZ Чипсы NAT.карт.вк.соуса пес.100г;Naturals
LORENZ Чипсы NATURALS карт.с розмар.100г;Naturals
LAYS Чипсы вкус.смет/лука натур.карт.70г;Lays
ПАК.КАРТ.Чипсы карт.со вкус.Коп.лос.100г;Пакет картошки
LAVA LAVA Картофель хр.вкус.смет/зел.50г;Lava Lava
LAVA LAVA Картофель хруст.вкус.кетч.50г;Lava Lava
LAVA LAVA Картофель хруст.вкус.краба 50г;Lava Lava
LAVA LAVA Картофель хруст.вкус.пельм.50г;Lava Lava
LAVA LAVA Картофель хруст.вкус.сыра 50г;Lava Lava
ЭУ,ПАЦАН Карт.со вкус.гов.лук.хруст.50г;ЭУ,ПАЦАН
ЭУ,ПАЦАН Картоф.со вкус.краба хруст.50г;ЭУ,ПАЦАН
ЭУ,ПАЦАН Картоф.со вкус.см.с лук.хр.50г;ЭУ,ПАЦАН
ЭУ,ПАЦАН Картоф.со вкусом сыра хруст.50г;ЭУ,ПАЦАН
LORENZ Чипсы NATUR.карт.вк.чес/зел.100г;Naturals
LORENZ Чипсы NATUR.карт.мор.сол/перц100г;Naturals
LORENZ Чипсы NATUR.карт.с паприк.100г;Naturals
LORENZ Чипсы NATUR.КЛАС.карт.с солью100г;Naturals
LORENZ Чипсы NATURALS карт.бел.гриб.100г;Naturals
LAYS Чипсы из нат.картофеля с солью 70г;Lays
LAYS Чипсы нат.карт.со вкусом бекона 70г;Lays
POMST.Чипсы карт.соломкой с солью 200г;Pomsticks
LORENZ Чипсы NATURALS карт.с парм.100г;Naturals
BIG BON Чипсы сыр.карт.вк.смет/лука 75г;Big Bon
TWISTER Карт.вк.бел.гриб.в сл/с хр.150г;TWISTER
TWISTER Карт.хруст.с солью 70г;TWISTER
TWISTER Картоф.хруст.со вк.смет/лук.150г;TWISTER
TWISTER Картофель вк.колб.гр.горч.хр150г;TWISTER
TWISTER Картофель вкус.паприки хр.150г;TWISTER
TWISTER Картофель хруст.вк.зел.лука 150г;TWISTER
TWISTER Картофель хруст.со вк.краба 150г;TWISTER
TWISTER Картофель хруст.со вкус.сыра 70г;TWISTER
МОСК.КАРТ.Карт.вк.ант.лос.в сл.с.хр.120г;Московский картофель
МОСК.КАРТ.Карт.вк.атл.лос.сл.соусе 150г;Московский картофель
МОСК.КАРТ.Картофель хр.вк.смет/зел.150г;Московский картофель
МОСК.КАРТ.Картофель хр.вк.сыра Парм.150г;Московский картофель
Чипсы POMST.карт.солом. с паприкой 100г;Pomsticks
CHEETOS Кукур.палочки КЕТЧУП 85г;CHEETOS
LAYS Чипсы вкус.мол.зел.лука нат.кар.70г;Lays
LAYS Чипсы вкус.смет/зелени нат.карт.70г;Lays
LAY'S Чипсы из нат.карт.вк.Диж.горч.125г;Lays
LAYS Чипсы из нат.карт.вк.сметаны/зел90г;Lays
LAYS Чипсы из нат.карт.вкус.смет/зел.95г;Lays
LAYS Чипсы из нат.картофеля с солью 140г;Lays
LAYS Чипсы карт.вкус.ребрышки гриль 140г;Lays
LAYS Чипсы карт.со вк.молод.зел.лука 90г;Lays
LAYS Чипсы нат.кар.вк.Гуакам.по-мек.125г;Lays
LAYS Чипсы нат.карт.вк.мол.зел.лука 140г;Lays
LAYS Чипсы нат.карт.вк.Неж.Сыр С Тр.120г;Lays
LAYS Чипсы нат.карт.вк.Сыр.асс.с мед.90г;Lays
LAYS Чипсы нат.карт.вк.Мал.огур.укр.140г;Lays
LAYS Чипсы нат.карт.вкус.смет/зел.140г;Lays
LAYS Чипсы нат.карт.вкус.смет/лука 140г;Lays
LAYS Чипсы нат.карт.со вкусом краба 140г;Lays
LAYS Чипсы нат.карт.со вкусом сыра 140г;Lays
LAYS Чипсы нат.карт.со вкусом сыра 70г;Lays
LAY'S Чипсы натур.картоф.вкус.краба 225г;Lays
LAYS Чипсы С СОЛЬЮ 225г;Lays
LAYS Чипсы СМЕТАНА И ЗЕЛЕНЬ 225г;Lays
LAYS Чипсы СМЕТАНА И ЛУК 225г;Lays
LAYS Чипсы со вкусом краба нат.карт.70г;Lays
BRUTO Чипсы G.L.из нат.карт.вк.ол/ор.80г;Bruto Gourmet Line
BRUTO Чипсы G.L.нат.кар.вк/ар.к.соли 80г;Bruto Gourmet Line
BRUTO Чипсы из нат.карт.вк.см/лука 120г;Bruto NPC
BRUTO Чипсы из нат.карт.вк.смет/зел.120г;Bruto NPC
BRUTO Чипсы из нат.карт.вкус.папр.120г;Bruto NPC
BRUTO Чипсы из нат.карт.со вк.краба 120г;Bruto NPC
BRUTO Чипсы из карт.мор.сол/чер.пер.130г;BRUTO КРАФТ
BRUTO Чипсы из нат.карт.вк.Чесн/тр.120г;BRUTO КРАФТ
EASY PEASY Картофель риф.вк.бр.майон.50г;EASY PEASY
LAYS Чипсы нат.карт.риф.вк.лобстера 70г;Lays
LAYS Чипсы риф.вкус.Паприка нат.карт.70г;Lays
BRUTO Чипсы из нат.карт.с мор.солью 120г;BRUTO КРАФТ
BRUTO Чипсы из нат.карт.с томат/укр.120г;BRUTO КРАФТ
BRUTO Чипсы нат.карт.мор.с/чер.пер.120г;BRUTO КРАФТ
BON GIOR.Чип.кар.риф.вкус.Кар.Лук Сыр80г;Bon Giorno
BON GIOR.Чипсы карт.риф.вкус.Ср.Лоб.80г;Bon Giorno
LIT ENERGY Чипсы нат.кар.вк.см/зел.120г;LIT ENERGY
LIT ENERGY Чипсы нат.карт.вкус.папр.120г;LIT ENERGY
LIT ENERGY Чипсы с.карт.р.вк.Сах.кр.120г;LIT ENERGY
CRUN.Чипсы X-CUT кар.риф.вк.афр.Чак.70г;Crunchips X-Cut
CRUN.Чипсы X-CUT кар.риф.вк.паприки 70г;Crunchips X-Cut
CRUN.Чипсы X-CUT кар.риф.вк.смет/спец70г;Crunchips X-Cut
CRUN.Чипсы X-CUT кар.риф.вк.сыра/лука70г;Crunchips X-Cut
EASY PEASY Картофель риф.вкус.шпрот 50г;EASY PEASY
LAYS Чипсы карт.риф.вкус.лобстера 140г;Lays
LAYS Чипсы карт.риф.вкус.лос.слив.с.140г;Lays
LAYS Чипсы карт.риф.вкус.паприка 140г;Lays
LAYS Чипсы нат.кар.риф.вк.Т.ям по-т.125г;Lays
LAYS Чипсы нат.карт.риф.вк.Паприка 225г;Lays
LAYS Чипсы нат.карт.риф.вк.Прян.крев.90г;Lays
POMST.Чипсы карт.сол.вкус.смет/спец.200г;Pomsticks
POMST.Чипсы карт.сол.с мор.сол/перц.100г;Pomsticks
Чипсы POMST.карт.солом. с солью 100г;Pomsticks
Чипсы POMST.карт.солом.смет/спец 100г;Pomsticks
TWISTER Чипсы КАРТ.СОЛ.карт.вк.сыра 50г;TWISTER
CHEETOS Палочки кук.вкус.Кетчуп 50г;CHEETOS
SALTO Чипсы N.БАР.кук.220г+соус100г+салф;SALTO
SALTO Чипсы N.КЛ.кук.220г+соус100г+салф.;SALTO
MISSION Чипсы кукур.вкус.смет/лука 90г;Mission
MISSION Чипсы кукур.со вкус.краб кам.90г;Mission
MISSION Чипсы кукурузн.со вк.бекона 150г;Mission
MISSION Чипсы кукурузные со вк.сыра 150г;Mission
DELICAD.Чипсы NACH.с кус.ол/пап.кук.150г;Delicados
DELICAD.Чипсы кукур.вкус.соуса Ранч 150г;Delicados
DELICAD.Чипсы НАЧОС кук.вк.Бург.Воп.140г;Delicados
DELICAD.Чипсы НАЧОС кукур.ориг.150г;Delicados
DELICAD.Чипсы НАЧОС кукур.с/вк.сыр 150г;Delicados
CARAMBAS Чипсы БЕКОН кукур.150г;Carambas
CARAMBAS Чипсы ОРИГИНАЛ кукур.150г;Carambas
CARAMBAS Чипсы СМЕТАНА ЛУК кукур.150г;Carambas
CARAMBAS Чипсы СЫР НАЧ.кукур.150г;Carambas
XIAOWANGZI Чипсы кукурузн.со вк.том.40г;XIAOWANGZI
CHEETOS Кукур.палочки СЫР 85г;CHEETOS
XIAOWANGZI Чипсы ОРИГИНАЛЬН.кукуруз.40г;XIAOWANGZI
CHEETOS Палочки кук.вкус.Сыр 50г;CHEETOS
CHEETOS Снеки кук.вкус.Ветчина и сыр 50г;CHEETOS
CHEETOS Снеки кукур.со вкусом Краб 50г;CHEETOS
HOLYCORN Снеки кукуруз.со вкус.Томат 50г;HOLYCORN
HOLYCORN Снеки кукуруз.со вкусом Сыр 50г;HOLYCORN
CHEETOS Снеки кукуруз.со вкусом Краб 85г;CHEETOS
СЫРBALL Шарики кукуруз.со вк.сыра 140г;СырBall
СЫРКОЛБ.Снеки кук.вкус.Гриль-колб.100г;Сырколбас
СЫРКОЛБ.Снеки кук.вкус.Двойной сыр 100г;Сырколбас
СЫРКОЛБАС Снеки кук.вк.сыр/колбаса 100г;Сырколбас
MEGA CH.Мегачипсы карт.вк.норв.лобс.100г;MEGA CHIPS
MEGA CHIPS Чипсы СО ВК.КУРИЦЫ 100г;MEGA CHIPS
MEGA CHIPS Чипсы СО ВК.СМЕТАНЫ/ЛУКА 100г;MEGA CHIPS
MEGA CHIPS Чипсы СО ВК.СМЕТАНЫ/СЫРА 100г;MEGA CHIPS
MULTICHIPS Чипсы карт.вкус.см/лука 100г;MULTICHIPS
BIG BON Чип.карт.вк.Реб.гр.соус.Бар.105г;Big Bon
BIG BON Чипсы карт.вк.См.зел.с.Чес.105г;Big Bon
PRING.Чипсы ORIGINAL картофельные 165г;Pringles
PRING.Чипсы СМЕТАНА И ЛУК картоф.165г;Pringles
PRINGL.Чипсы ORIGINAL картофельн.165г;Pringles
PRINGL.Чипсы карт.со вкус.смет/лука 165г;Pringles
PRINGL.Чипсы ПАПРИКА карт.165г;Pringles
BIG BON Чипсы карт.вк.Смет/зел.лук 130г;Big Bon
BIG BON Чипсы карт.вкус.Снеж.краб 130г;Big Bon
LAYS Чипсы STAX карт.вк.Ар.реб.барб.140г;Lays STAX
LAYS Чипсы STAX карт.вк.Неж.см/лук 140г;Lays STAX
LAYS Чипсы STAX карт.вкус.Пик.пап.140г;Lays STAX
XIAOWANGZI Чипсы карт.вк.Итал.рагу 43г;XIAOWANGZI
XIAOWANGZI Чипсы карт.вкус.Барбекю 43г;XIAOWANGZI
XIAOWANGZI Чипсы карт.со вкус.Томата 43г;XIAOWANGZI
XIAOWANGZI Чипсы ОРИГИНАЛЬНЫЕ картоф.43г;XIAOWANGZI
ДЕЛИКАТ Чипсы КРАБ карт.вкус.краба 100г;ДЕЛИКАТ
ДЕЛИКАТ Чипсы ЛУК.КОЛ.СМЕТ/ЗЕЛ.карт.100г;ДЕЛИКАТ
TURBO DIES.Чипсы карт.вк.кур.крыл.гр.75г;TURBO DIESEL
LAYS Чипсы картофельные вкус.Хамон 81г;Лейз из печи
DR.KORNER Чипсы кукурузно-рис.с сыр.50г;Dr.Korner
DON SHELLD.Чипсы НУТСЫ вкус.Сыр Чедд.50г;Don Shelldon
REEEL Чипсы БАТАТ-СЫР ЧЕДДЕР натур.30г;REEEL
РУС.КАРТ.Чипсы карт.со вкус.креветки 50г;Русская картошка
РУС.КАРТ.Чипсы карт.со вкусом кревет.80г;Русская картошка
"Чипсы ""Рус.карт."" курица 28/20г";Русская картошка
ЛУК.КОЛ.ЗОЛ.Снеки хруст.вк.смет/лука100г;Луковые кольца
РУС.КАРТ.Чипсы карт.вк.зел.лука/см.190г;Русская картошка
РУС.КАРТ.Чипсы карт.вк.Острый соус 200г;Русская картошка
РУС.КАРТ.Чипсы карт.вк.сметаны/лука 80г;Русская картошка
РУС.КАРТ.Чипсы карт.вкус.камч.краба 200г;Русская картошка
РУС.КАРТ.Чипсы карт.вкус.кур.гриль 200г;Русская картошка
РУС.КАРТ.Чипсы карт.вкус.лука/смет.200г;Русская картошка
РУС.КАРТ.Чипсы карт.вкус.Остр.соус 190г;Русская картошка
РУС.КАРТ.Чипсы карт.со вкус.смет/укр.80г;Русская картошка
РУС.КАРТ.Чипсы карт.со вкусом краба 190г;Русская картошка
РУС.КАРТ.Чипсы картоф.вкус.жар.кур.190г;Русская картошка
LAYS Чипс.карт.вк.лис.в см.85г;Лейз из печи
LAYS Чипсы карт.со вкус.неж.сыр зел.85г;Лейз из печи
ЗЕЛ.ЛИН.Флайчипсы зер.кук-рис.с сол.40г;Зеленая линия
ЗЕЛ.ЛИН.Флайчипсы зерн.с том/олив.40г;Зеленая линия
RICE UP! Чипсы ц/зерн.вк.вас.бур.рис.60г;RICE UP!
RICE UP! Чипсы ц/зерн.вк.кет.бур.рис.60г;RICE UP!
DR.KORNER Чип.кук-рис.тайс.ос.сл.пер.50г;Dr.Korner
DR.KORNER Чипсы кук/рис.олив.мас/роз.50г;Dr.Korner
DR.KORNER Чипсы кук-рис.смет/зел.лук.50г;Dr.Korner
DR.KORNER Чипсы ц/з кук-рис.сыр.начо 50г;Dr.Korner
DON SHELLD.Чипсы НУТСЫ вкус.Смет/зел.50г;Don Shelldon
Чипсы ОРИГИНАЛЬНЫЕ с бататом 90г;YamChip
Чипсы с батат.вкус.говяд/чер.перца 90г;YamChip
Чипсы с бататом со вкусом зел.лука 90г;YamChip
Чипсы с бататом со вкусом томата 90г;YamChip
BINGGRAE Чипсы ЗЯКИ-ЗЯКИ 50г;Binggrae
BINGGRAE Чипсы КРАБ ЧИПСЫ вк.краба 130г;Binggrae
BINGGRAE Чипсы КРАБ ЧИПСЫ хруст.50г;Binggrae
BINGGRAE Чипсы ВАСАБИ хрус.вк.вас.40г;Binggrae
BINGGRAE Чипсы МОР.КАП.ЧИП.вк.мор.кап40г;Binggrae
5D Чипсы пшен.вкус.стейк на углях 200г;5D
5D Чипсы пшен.со вкус.сметана и лук 200г;5D
FR.RIDE Чипсы пш.вк.ростбифа с хрен.50г;Free Ride
FR.RIDE Чипсы пш.со вк.бекона 50г;Free Ride
