BIG BON SN.B.Чип.кар.вк.Сыр с хр.бек.70г;70
BIG BON SN.B.Чипсы карт.вк.Коп.папр.70г;70
S.CAR.Чипсы картоф.лайм/роз.пер.150г;150
S.CAR.Чипсы картоф.паприка 150г;150
S.CAR.Чипсы картоф.томат 150г;150
S.CAR.Чипсы КЛАССИКА картоф.180г;180
SAVOUR.Чип.карт.сыр.чеддр/лук-шалот 150г;150
BON GIOR.Чипсы карт.вк.Кр.Бел.Вин.80г;80
BON GIOR.Чипсы карт.вк.Лис.По-Мил.80г;80
BON GIOR.Чипсы карт.вк.Хам.Де Тер.80г;80
Картоф.хруст.в ломт.с солью160г;160
ХРУСТ.КАРТ.Чипсы карт.нат.вк.смет/лук70г;70
ХРУСТЯЩИЙ КАРТОФЕЛЬ Чипсы с солью 70г;70
ГАН/ЛЕБ.Чипсы картофельные с солью 100г;100
ГАН/ЛЕБ.Чипсы картофельные с томат.100г;100
LORENZ Чипсы NAT.карт.вк.соуса пес.100г;100
LORENZ Чипсы NATURALS карт.с розмар.100г;100
LAYS Чипсы вкус.смет/лука натур.карт.70г;70
ПАК.КАРТ.Чипсы карт.со вкус.Коп.лос.100г;100
LAVA LAVA Картофель хр.вкус.смет/зел.50г;50
LAVA LAVA Картофель хруст.вкус.кетч.50г;50
LAVA LAVA Картофель хруст.вкус.краба 50г;50
LAVA LAVA Картофель хруст.вкус.пельм.50г;50
LAVA LAVA Картофель хруст.вкус.сыра 50г;50
ЭУ,ПАЦАН Карт.со вкус.гов.лук.хруст.50г;50
ЭУ,ПАЦАН Картоф.со вкус.краба хруст.50г;50
ЭУ,ПАЦАН Картоф.со вкус.см.с лук.хр.50г;50
ЭУ,ПАЦАН Картоф.со вкусом сыра хруст.50г;50
LORENZ Чипсы NATUR.карт.вк.чес/зел.100г;100
LORENZ Чипсы NATUR.карт.мор.сол/перц100г;100
LORENZ Чипсы NATUR.карт.с паприк.100г;100
LORENZ Чипсы NATUR.КЛАС.карт.с солью100г;100
LORENZ Чипсы NATURALS карт.бел.гриб.100г;100
LAYS Чипсы из нат.картофеля с солью 70г;70
LAYS Чипсы нат.карт.со вкусом бекона 70г;70
POMST.Чипсы карт.соломкой с солью 200г;200
LORENZ Чипсы NATURALS карт.с парм.100г;100
BIG BON Чипсы сыр.карт.вк.смет/лука 75г;75
TWISTER Карт.вк.бел.гриб.в сл/с хр.150г;150
TWISTER Карт.хруст.с солью 70г;70
TWISTER Картоф.хруст.со вк.смет/лук.150г;150
TWISTER Картофель вк.колб.гр.горч.хр150г;150
TWISTER Картофель вкус.паприки хр.150г;150
TWISTER Картофель хруст.вк.зел.лука 150г;150
TWISTER Картофель хруст.со вк.краба 150г;150
TWISTER Картофель хруст.со вкус.сыра 70г;70
МОСК.КАРТ.Карт.вк.ант.лос.в сл.с.хр.120г;120
МОСК.КАРТ.Карт.вк.атл.лос.сл.соусе 150г;150
МОСК.КАРТ.Картофель хр.вк.смет/зел.150г;150
МОСК.КАРТ.Картофель хр.вк.сыра Парм.150г;150
Чипсы POMST.карт.солом. с паприкой 100г;100
CHEETOS Кукур.палочки КЕТЧУП 85г;85
LAYS Чипсы вкус.мол.зел.лука нат.кар.70г;70
LAYS Чипсы вкус.смет/зелени нат.карт.70г;70
LAY'S Чипсы из нат.карт.вк.Диж.горч.125г;125
LAYS Чипсы из нат.карт.вк.сметаны/зел90г;90
LAYS Чипсы из нат.карт.вкус.смет/зел.95г;95
LAYS Чипсы из нат.картофеля с солью 140г;140
LAYS Чипсы карт.вкус.ребрышки гриль 140г;140
LAYS Чипсы карт.со вк.молод.зел.лука 90г;90
LAYS Чипсы нат.кар.вк.Гуакам.по-мек.125г;125
LAYS Чипсы нат.карт.вк.мол.зел.лука 140г;140
LAYS Чипсы нат.карт.вк.Неж.Сыр С Тр.120г;120
LAYS Чипсы нат.карт.вк.Сыр.асс.с мед.90г;90
LAYS Чипсы нат.карт.вк.Мал.огур.укр.140г;140
LAYS Чипсы нат.карт.вкус.смет/зел.140г;140
LAYS Чипсы нат.карт.вкус.смет/лука 140г;140
LAYS Чипсы нат.карт.со вкусом краба 140г;140
LAYS Чипсы нат.карт.со вкусом сыра 140г;140
LAYS Чипсы нат.карт.со вкусом сыра 70г;70
LAY'S Чипсы натур.картоф.вкус.краба 225г;225
LAYS Чипсы С СОЛЬЮ 225г;225
LAYS Чипсы СМЕТАНА И ЗЕЛЕНЬ 225г;225
LAYS Чипсы СМЕТАНА И ЛУК 225г;225
LAYS Чипсы со вкусом краба нат.карт.70г;70
BRUTO Чипсы G.L.из нат.карт.вк.ол/ор.80г;80
BRUTO Чипсы G.L.нат.кар.вк/ар.к.соли 80г;80
BRUTO Чипсы из нат.карт.вк.см/лука 120г;120
BRUTO Чипсы из нат.карт.вк.смет/зел.120г;120
BRUTO Чипсы из нат.карт.вкус.папр.120г;120
BRUTO Чипсы из нат.карт.со вк.краба 120г;120
BRUTO Чипсы из карт.мор.сол/чер.пер.130г;130
BRUTO Чипсы из нат.карт.вк.Чесн/тр.120г;120
EASY PEASY Картофель риф.вк.бр.майон.50г;50
LAYS Чипсы нат.карт.риф.вк.лобстера 70г;70
LAYS Чипсы риф.вкус.Паприка нат.карт.70г;70
BRUTO Чипсы из нат.карт.с мор.солью 120г;120
BRUTO Чипсы из нат.карт.с томат/укр.120г;120
BRUTO Чипсы нат.карт.мор.с/чер.пер.120г;120
BON GIOR.Чип.кар.риф.вкус.Кар.Лук Сыр80г;80
BON GIOR.Чипсы карт.риф.вкус.Ср.Лоб.80г;80
LIT ENERGY Чипсы нат.кар.вк.см/зел.120г;120
LIT ENERGY Чипсы нат.карт.вкус.папр.120г;120
LIT ENERGY Чипсы с.карт.р.вк.Сах.кр.120г;120
CRUN.Чипсы X-CUT кар.риф.вк.афр.Чак.70г;70
CRUN.Чипсы X-CUT кар.риф.вк.паприки 70г;70
CRUN.Чипсы X-CUT кар.риф.вк.смет/спец70г;70
CRUN.Чипсы X-CUT кар.риф.вк.сыра/лука70г;70
EASY PEASY Картофель риф.вкус.шпрот 50г;50
LAYS Чипсы карт.риф.вкус.лобстера 140г;140
LAYS Чипсы карт.риф.вкус.лос.слив.с.140г;140
LAYS Чипсы карт.риф.вкус.паприка 140г;140
LAYS Чипсы нат.кар.риф.вк.Т.ям по-т.125г;125
LAYS Чипсы нат.карт.риф.вк.Паприка 225г;225
LAYS Чипсы нат.карт.риф.вк.Прян.крев.90г;90
POMST.Чипсы карт.сол.вкус.смет/спец.200г;200
POMST.Чипсы карт.сол.с мор.сол/перц.100г;100
Чипсы POMST.карт.солом. с солью 100г;100
Чипсы POMST.карт.солом.смет/спец 100г;100
TWISTER Чипсы КАРТ.СОЛ.карт.вк.сыра 50г;50
CHEETOS Палочки кук.вкус.Кетчуп 50г;50
SALTO Чипсы N.БАР.кук.220г+соус100г+салф;220
SALTO Чипсы N.КЛ.кук.220г+соус100г+салф.;220
MISSION Чипсы кукур.вкус.смет/лука 90г;90
MISSION Чипсы кукур.со вкус.краб кам.90г;90
MISSION Чипсы кукурузн.со вк.бекона 150г;150
MISSION Чипсы кукурузные со вк.сыра 150г;150
DELICAD.Чипсы NACH.с кус.ол/пап.кук.150г;150
DELICAD.Чипсы кукур.вкус.соуса Ранч 150г;150
DELICAD.Чипсы НАЧОС кук.вк.Бург.Воп.140г;140
DELICAD.Чипсы НАЧОС кукур.ориг.150г;150
DELICAD.Чипсы НАЧОС кукур.с/вк.сыр 150г;150
CARAMBAS Чипсы БЕКОН кукур.150г;150
CARAMBAS Чипсы ОРИГИНАЛ кукур.150г;150
CARAMBAS Чипсы СМЕТАНА ЛУК кукур.150г;150
CARAMBAS Чипсы СЫР НАЧ.кукур.150г;150
XIAOWANGZI Чипсы кукурузн.со вк.том.40г;40
CHEETOS Кукур.палочки СЫР 85г;85
XIAOWANGZI Чипсы ОРИГИНАЛЬН.кукуруз.40г;40
CHEETOS Палочки кук.вкус.Сыр 50г;50
CHEETOS Снеки кук.вкус.Ветчина и сыр 50г;50
CHEETOS Снеки кукур.со вкусом Краб 50г;50
HOLYCORN Снеки кукуруз.со вкус.Томат 50г;50
HOLYCORN Снеки кукуруз.со вкусом Сыр 50г;50
CHEETOS Снеки кукуруз.со вкусом Краб 85г;85
СЫРBALL Шарики кукуруз.со вк.сыра 140г;140
СЫРКОЛБ.Снеки кук.вкус.Гриль-колб.100г;100
СЫРКОЛБ.Снеки кук.вкус.Двойной сыр 100г;100
СЫРКОЛБАС Снеки кук.вк.сыр/колбаса 100г;100
MEGA CH.Мегачипсы карт.вк.норв.лобс.100г;100
MEGA CHIPS Чипсы СО ВК.КУРИЦЫ 100г;100
MEGA CHIPS Чипсы СО ВК.СМЕТАНЫ/ЛУКА 100г;100
MEGA CHIPS Чипсы СО ВК.СМЕТАНЫ/СЫРА 100г;100
MULTICHIPS Чипсы карт.вкус.см/лука 100г;100
BIG BON Чип.карт.вк.Реб.гр.соус.Бар.105г;105
BIG BON Чипсы карт.вк.См.зел.с.Чес.105г;105
PRING.Чипсы ORIGINAL картофельные 165г;165
PRING.Чипсы СМЕТАНА И ЛУК картоф.165г;165
PRINGL.Чипсы ORIGINAL картофельн.165г;165
PRINGL.Чипсы карт.со вкус.смет/лука 165г;165
PRINGL.Чипсы ПАПРИКА карт.165г;165
BIG BON Чипсы карт.вк.Смет/зел.лук 130г;130
BIG BON Чипсы карт.вкус.Снеж.краб 130г;130
LAYS Чипсы STAX карт.вк.Ар.реб.барб.140г;140
LAYS Чипсы STAX карт.вк.Неж.см/лук 140г;140
LAYS Чипсы STAX карт.вкус.Пик.пап.140г;140
XIAOWANGZI Чипсы карт.вк.Итал.рагу 43г;43
XIAOWANGZI Чипсы карт.вкус.Барбекю 43г;43
XIAOWANGZI Чипсы карт.со вкус.Томата 43г;43
XIAOWANGZI Чипсы ОРИГИНАЛЬНЫЕ картоф.43г;43
ДЕЛИКАТ Чипсы КРАБ карт.вкус.краба 100г;100
ДЕЛИКАТ Чипсы ЛУК.КОЛ.СМЕТ/ЗЕЛ.карт.100г;100
TURBO DIES.Чипсы карт.вк.кур.крыл.гр.75г;75
LAYS Чипсы картофельные вкус.Хамон 81г;81
DR.KORNER Чипсы кукурузно-рис.с сыр.50г;50
DON SHELLD.Чипсы НУТСЫ вкус.Сыр Чедд.50г;50
REEEL Чипсы БАТАТ-СЫР ЧЕДДЕР натур.30г;30
РУС.КАРТ.Чипсы карт.со вкус.креветки 50г;50
РУС.КАРТ.Чипсы карт.со вкусом кревет.80г;80
"Чипсы ""Рус.карт."" курица 28/20г";20
ЛУК.КОЛ.ЗОЛ.Снеки хруст.вк.смет/лука100г;100
РУС.КАРТ.Чипсы карт.вк.зел.лука/см.190г;190
РУС.КАРТ.Чипсы карт.вк.Острый соус 200г;200
РУС.КАРТ.Чипсы карт.вк.сметаны/лука 80г;80
РУС.КАРТ.Чипсы карт.вкус.камч.краба 200г;200
РУС.КАРТ.Чипсы карт.вкус.кур.гриль 200г;200
РУС.КАРТ.Чипсы карт.вкус.лука/смет.200г;200
РУС.КАРТ.Чипсы карт.вкус.Остр.соус 190г;190
РУС.КАРТ.Чипсы карт.со вкус.смет/укр.80г;80
РУС.КАРТ.Чипсы карт.со вкусом краба 190г;190
РУС.КАРТ.Чипсы картоф.вкус.жар.кур.190г;190
LAYS Чипс.карт.вк.лис.в см.85г;85
LAYS Чипсы карт.со вкус.неж.сыр зел.85г;85
ЗЕЛ.ЛИН.Флайчипсы зер.кук-рис.с сол.40г;40
ЗЕЛ.ЛИН.Флайчипсы зерн.с том/олив.40г;40
RICE UP! Чипсы ц/зерн.вк.вас.бур.рис.60г;60
RICE UP! Чипсы ц/зерн.вк.кет.бур.рис.60г;60
DR.KORNER Чип.кук-рис.тайс.ос.сл.пер.50г;50
DR.KORNER Чипсы кук/рис.олив.мас/роз.50г;50
DR.KORNER Чипсы кук-рис.смет/зел.лук.50г;50
DR.KORNER Чипсы ц/з кук-рис.сыр.начо 50г;50
DON SHELLD.Чипсы НУТСЫ вкус.Смет/зел.50г;50
Чипсы ОРИГИНАЛЬНЫЕ с бататом 90г;90
Чипсы с батат.вкус.говяд/чер.перца 90г;90
Чипсы с бататом со вкусом зел.лука 90г;90
Чипсы с бататом со вкусом томата 90г;90
BINGGRAE Чипсы ЗЯКИ-ЗЯКИ 50г;50
BINGGRAE Чипсы КРАБ ЧИПСЫ вк.краба 130г;130
BINGGRAE Чипсы КРАБ ЧИПСЫ хруст.50г;50
BINGGRAE Чипсы ВАСАБИ хрус.вк.вас.40г;40
BINGGRAE Чипсы МОР.КАП.ЧИП.вк.мор.кап40г;40
5D Чипсы пшен.вкус.стейк на углях 200г;200
5D Чипсы пшен.со вкус.сметана и лук 200г;200
FR.RIDE Чипсы пш.вк.ростбифа с хрен.50г;50
FR.RIDE Чипсы пш.со вк.бекона 50г;50
